{"y_plot1": [100, 101.66666666666667, 103.33333333333333, 105.0, 106.66666666666667, 108.33333333333333], "y_plot2": [100, 101.66666666666667, 103.36111111111111, 105.0837962962963, 106.83519290123456, 108.61577944958847], "y_plot3": [32.75, 32.75, 42.786, 19.3861, 13.0887, 4.2525], "y_plot4": [32.75, 32.75, 32.75, 32.75, 32.75, 32.75], "y_plot5": [32.6955074875208, 32.6955074875208, 32.58706467661692, 32.42574257425743, 32.21311475409836, 31.95121951219512], "y_plot6": [3275.0, 3275.0, 3329.5833333333335, 4422.4085000000005, 2037.1649833796296, 1398.3337893263888], "y_plot7": [3275.0, 3275.0, 3329.5833333333335, 3385.076388888889, 3441.494328703704, 3498.852567515432]}