{"y_plot1": [100, 101.66666666666667, 103.33333333333333, 105.0, 106.66666666666667, 108.33333333333333, 110.0, 111.66666666666667, 113.33333333333333, 115.0, 116.66666666666666, 118.33333333333333, 120.0], "y_plot2": [100, 101.66666666666667, 103.36111111111111, 105.0837962962963, 106.83519290123456, 108.61577944958847, 110.42604244041495, 112.26647648108853, 114.13758442244001, 116.03987749614734, 117.97387545441646, 119.94010671199007, 121.93910849052324], "y_plot3": [0.2, 0.2, 0.18, 0.26, 0.28, 0.24, 0.24, 0.66, 0.22, 0.5, 0.42, 0.57, 1.6], "y_plot4": [0.2, 0.2, 0.2, 0.2, 0.2, 0.2, 0.2, 0.2, 0.2, 0.2, 0.2, 0.2, 0.2], "y_plot5": [0.19966722129783696, 0.19966722129783696, 0.19900497512437812, 0.19801980198019803, 0.19672131147540983, 0.1951219512195122, 0.1932367149758454, 0.19108280254777069, 0.18867924528301888, 0.18604651162790697, 0.183206106870229, 0.1801801801801802, 0.1769911504424779], "y_plot6": [20.0, 20.0, 20.333333333333336, 18.605, 27.321787037037037, 29.91385401234568, 26.067787067901232, 26.502250185699587, 74.09587447751844, 25.110268572936803, 58.01993874807367, 49.54902769085491, 68.36586082583433], "y_plot7": [20.0, 20.0, 20.333333333333336, 20.672222222222224, 21.01675925925926, 21.367038580246913, 21.723155889917695, 22.08520848808299, 22.453295296217707, 22.827516884488006, 23.20797549922947, 23.594775090883292, 23.988021342398014]}