{"y_plot1": [100, 101.66666666666667, 103.33333333333333, 105.0, 106.66666666666667, 108.33333333333333], "y_plot2": [100, 101.66666666666667, 103.36111111111111, 105.0837962962963, 106.83519290123456, 108.61577944958847], "y_plot3": [35.51, 35.51, 32.75, 42.786, 19.3861, 13.0887], "y_plot4": [35.51, 35.51, 35.51, 35.51, 35.51, 35.51], "y_plot5": [35.45091514143095, 35.45091514143095, 35.333333333333336, 35.15841584158416, 34.927868852459014, 34.64390243902439], "y_plot6": [3551.0, 3551.0, 3610.1833333333334, 3385.076388888889, 4496.115308333334, 2071.1177331026233], "y_plot7": [3551.0, 3551.0, 3610.1833333333334, 3670.3530555555553, 3731.525606481481, 3793.717699922839]}