{"y_plot1": [100, 101.66666666666667, 103.33333333333333, 105.0, 106.66666666666667, 108.33333333333333, 110.0, 111.66666666666667, 113.33333333333333], "y_plot2": [100, 101.66666666666667, 103.36111111111111, 105.0837962962963, 106.83519290123456, 108.61577944958847, 110.42604244041495, 112.26647648108853, 114.13758442244001], "y_plot3": [1.9665, 1.9665, 1.5073, 4.2525, 13.0887, 19.3861, 42.786, 32.75, 34.731], "y_plot4": [1.9665, 1.9665, 1.9665, 1.9665, 1.9665, 1.9665, 1.9665, 1.9665, 1.9665], "y_plot5": [1.9632279534109816, 1.9632279534109816, 1.9567164179104477, 1.947029702970297, 1.934262295081967, 1.9185365853658536, 1.9, 1.8788216560509552, 1.855188679245283], "y_plot6": [196.64999999999998, 196.64999999999998, 199.9275, 155.79620277777778, 446.86884375000005, 1398.3337893263888, 2105.636361987667, 4724.688651855594, 3676.7271047556496], "y_plot7": [196.64999999999998, 196.64999999999998, 199.9275, 203.259625, 206.64728541666668, 210.09140684027776, 213.59293028761573, 217.152812459076, 220.77202600006058]}